{"lr": 0.0001, "data_time": 0.4341223955154419, "loss": 2.0008221745491026, "time": 0.5360995292663574, "epoch": 1, "iter": 10, "memory": 552, "step": 10}
{"lr": 0.0001, "data_time": 0.5984225749969483, "loss": 1.8416013360023498, "time": 0.6970004081726074, "epoch": 1, "iter": 20, "memory": 552, "step": 20}
{"lr": 0.0001, "data_time": 0.336350679397583, "loss": 1.7817742109298706, "time": 0.41777169704437256, "epoch": 1, "iter": 30, "memory": 552, "step": 30}
{"lr": 0.0001, "data_time": 0.5495079755783081, "loss": 1.6278746843338012, "time": 0.6325677156448364, "epoch": 1, "iter": 40, "memory": 552, "step": 40}
{"lr": 0.0001, "data_time": 0.3456163167953491, "loss": 1.6383102893829347, "time": 0.42698822021484373, "epoch": 1, "iter": 50, "memory": 552, "step": 50}
{"lr": 0.0001, "data_time": 0.5013883113861084, "loss": 1.5266169428825378, "time": 0.5788211345672607, "epoch": 1, "iter": 60, "memory": 552, "step": 60}
{"lr": 0.0001, "data_time": 0.4877883195877075, "loss": 1.440899670124054, "time": 0.5663245916366577, "epoch": 1, "iter": 70, "memory": 552, "step": 70}
{"lr": 0.0001, "data_time": 0.34447925090789794, "loss": 1.3042492508888244, "time": 0.43114984035491943, "epoch": 1, "iter": 80, "memory": 552, "step": 80}
{"lr": 0.0001, "data_time": 0.5333456993103027, "loss": 1.3231733798980714, "time": 0.6187679529190063, "epoch": 1, "iter": 90, "memory": 552, "step": 90}
{"lr": 0.0001, "data_time": 0.3203458070755005, "loss": 1.2057658314704895, "time": 0.4022555351257324, "epoch": 1, "iter": 100, "memory": 552, "step": 100}
{"accuracy/top1": 63.36448669433594, "single-label/precision": 64.62371826171875, "single-label/recall": 57.439979553222656, "single-label/f1-score": 57.63798904418945, "data_time": 0.3263540408190559, "time": 0.374411428675932, "step": 0}
{"lr": 0.0001, "data_time": 0.5457207202911377, "loss": 1.1654993712902069, "time": 0.6293557405471801, "epoch": 1, "iter": 110, "memory": 552, "step": 110}
{"lr": 0.0001, "data_time": 0.5448385238647461, "loss": 1.1788517832756042, "time": 0.6263870239257813, "epoch": 1, "iter": 120, "memory": 552, "step": 120}
{"lr": 0.0001, "data_time": 0.37771599292755126, "loss": 0.9808343112468719, "time": 0.46487035751342776, "epoch": 1, "iter": 130, "memory": 552, "step": 130}
{"lr": 0.0001, "data_time": 0.5608840227127075, "loss": 1.02695534825325, "time": 0.6401013374328614, "epoch": 1, "iter": 140, "memory": 552, "step": 140}
{"lr": 0.0001, "data_time": 0.3449034929275513, "loss": 0.9070872783660888, "time": 0.4262434244155884, "epoch": 1, "iter": 150, "memory": 552, "step": 150}
